,name,amenity,lat,lon
0,Repsol AutoGas,fuel,40.3995878,-3.7328541
1,CEPSA,fuel,40.385122100000004,-3.7617173999999998
2,,fuel,40.3735369,-3.743247
3,,fuel,40.3730351,-3.725533
4,Galp,fuel,40.457255200000006,-3.7018818999999996
5,Repsol,fuel,40.440297799999996,-3.7179406000000004
6,Galp,fuel,40.5482928,-3.6620137
7,BP,fuel,40.3587955,-3.6962172
8,E.S. Carrefour Los Ángeles,fuel,40.362509700000004,-3.6912126000000005
9,,fuel,40.4737309,-3.6449911
10,Shell,fuel,40.3977988,-3.7024986000000006
11,Comercial SAMA SA,fuel,40.396705,-3.7139761
12,REPSOL,fuel,40.3038341,-3.7025038
13,,fuel,40.2966945,-3.6920162000000003
14,,fuel,40.3159218,-3.6916111000000003
15,Repsol,fuel,40.5077244,-3.8766479
16,,fuel,40.5057382,-3.7674448
17,,fuel,40.5049906,-3.7675218
18,BP SOMOSAGUAS,fuel,40.413936299999996,-3.7889934000000003
19,,fuel,40.474320899999995,-3.8485595
20,,fuel,40.4130375,-3.8937922999999994
21,BP,fuel,40.42749,-3.822447
22,,fuel,40.4122537,-3.8941163
23,Repsol,fuel,40.4994856,-3.6977141000000002
24,,fuel,40.3988,-3.8911512999999998
25,,fuel,40.527488399999996,-3.6217752999999995
26,CAMPSA,fuel,40.5283408,-3.5455585
27,E.S. Carrefour Rivas,fuel,40.3397545,-3.5368435
28,Galp,fuel,40.430542200000005,-3.5339177999999998
29,Galp,fuel,40.4328157,-3.5336553
30,BP LA PRESA (S.F. HENARES),fuel,40.430566,-3.528922
31,Repsol,fuel,40.44996,-3.5238099999999997
32,CAMPSA,fuel,40.463389,-3.658111
33,EL SAPO-ALCOBENDAS,fuel,40.5284624,-3.6597519
34,REPSOL,fuel,40.4573655,-3.6583047
35,REPSOL,fuel,40.4074176,-3.6520625
36,REPSOL,fuel,40.3662834,-3.6556701
37,REPSOL,fuel,40.524597299999996,-3.6561727
38,REPSOL,fuel,40.409824900000004,-3.6696489000000003
39,REPSOL,fuel,40.390205,-3.671311
40,CAMPSA,fuel,40.4260038,-3.6647034
41,REPSOL,fuel,40.437927,-3.684589
42,CAMPSA,fuel,40.50343,-3.6858699999999995
43,AGUSTÍN MEDINA,fuel,40.43828679999999,-3.6787662000000005
44,Repsol,fuel,40.4591473,-3.6812660000000004
45,Shell,fuel,40.4249119,-3.6829121
46,Petrolandia,fuel,40.507155299999994,-3.6909918
47,PINTO-DONANA,fuel,40.26465,-3.69248
48,Saras,fuel,40.464800700000005,-3.6937373
49,Repsol,fuel,40.3829711,-3.6960377999999996
50,Repsol,fuel,40.4292099,-3.6941983
51,CAMPSA,fuel,40.405806,-3.695247
52,REPSOL,fuel,40.3916597,-3.6954481
53,SHELL,fuel,40.32915,-3.7159199999999997
54,Distrito Veintiuno,fuel,40.339139,-3.7094440000000004
55,Shell,fuel,40.4301064,-3.7087312000000003
56,Repsol,fuel,40.4614186,-3.7084968000000003
57,REPSOL,fuel,40.483205,-3.705367
58,Repsol,fuel,40.44232,-3.70378
59,REPSOL,fuel,40.3274161,-3.7259192999999997
60,REPSOL,fuel,40.4791692,-3.7258873999999995
61,E.S. VIRGISA,fuel,40.475984499999996,-3.7220055
62,REPSOL,fuel,40.3786224,-3.7186174
63,REPSOL,fuel,40.386399,-3.7167550000000005
64,BP CEMENTO,fuel,40.3681098,-3.7412511
65,BP VILLECA I,fuel,40.3299044,-3.7432357000000005
66,REPSOL,fuel,40.265972,-3.742694
67,BP Cabañas Izq,fuel,40.303164100000004,-3.7387759
68,SHELL,fuel,40.311111,-3.736639
69,BP,fuel,40.399278,-3.730944
70,Repsol,fuel,40.4269222,-3.5516498
71,Repsol,fuel,40.44921,-3.5654199999999996
72,TOP-OIL,fuel,40.3906602,-3.5658214999999998
73,TOP-OIL,fuel,40.391135,-3.5650201
74,BP,fuel,40.421333000000004,-3.573472
75,Repsol,fuel,40.420196999999995,-3.5764968999999995
76,Shell,fuel,40.444944,-3.582556
77,CEPSA,fuel,40.463788,-3.587422
78,REPSOL,fuel,40.3438396,-3.5889307
79,REPSOL,fuel,40.3462148,-3.5880522000000004
80,REPSOL,fuel,40.398583,-3.5900830000000004
81,BP,fuel,40.371606,-3.5922221
82,REPSOL,fuel,40.380103399999996,-3.5962501000000002
83,Repsol,fuel,40.545790000000004,-3.6065099999999997
84,REPSOL,fuel,40.4044721,-3.6107127
85,GALP,fuel,40.426538,-3.6117
86,CEPSA,fuel,40.458417,-3.616139
87,STAR PETROLEUM,fuel,40.400473100000006,-3.6153959
88,STAR PETROLEUM,fuel,40.400673299999994,-3.6161013999999994
89,BP,fuel,40.557763200000004,-3.6126082999999998
90,Repsol,fuel,40.55251,-3.61887
91,REPSOL,fuel,40.427205,-3.617811
92,GALP,fuel,40.426483000000005,-3.626089
93,Cerro de la Cabaña,fuel,40.3909467,-3.6251875
94,Repsol,fuel,40.54618,-3.63464
95,Shell,fuel,40.464834700000004,-3.6362258
96,REPSOL,fuel,40.53751,-3.63395
97,Repsol,fuel,40.462196500000005,-3.6384004
98,REPSOL,fuel,40.3019998,-3.9224745000000003
99,Repsol,fuel,40.507816,-3.914589
100,Repsol,fuel,40.507038,-3.913839
101,Repsol,fuel,40.302111,-3.906306
102,REPSOL,fuel,40.552543,-3.8975767999999995
103,REPSOL,fuel,40.316611,-3.898222
104,REPSOL,fuel,40.31646,-3.89687
105,REPSOL,fuel,40.3340889,-3.8868455
106,Repsol,fuel,40.5042665,-3.8885092000000006
107,REPSOL,fuel,40.473786600000004,-3.875725
108,Repsol Concordy,fuel,40.4655588,-3.8049107
109,REPSOL,fuel,40.338037,-3.8015998
110,Shell,fuel,40.3524519,-3.8078758
111,REPSOL URTINSA,fuel,40.3422093,-3.8054807
112,REPSOL,fuel,40.335517200000005,-3.8043879
113,REPSOL,fuel,40.3464,-3.80542
114,E.S. Carrefour Ciudad de la Imagen,fuel,40.3986016,-3.7859507000000003
115,Repsol,fuel,40.3615177,-3.7806445
116,BP,fuel,40.4496356,-3.7991562999999995
117,REPSOL,fuel,40.4200455,-3.798283
118,Repsol,fuel,40.378876500000004,-3.7908171999999998
119,REPSOL,fuel,40.3188605,-3.7632328
120,REPSOL,fuel,40.35716729999999,-3.773546
121,BP CARABANCHEL,fuel,40.36323839999999,-3.7430881
122,Cepsa,fuel,40.4082973,-3.7439583
123,GALP,fuel,40.294583,-3.7448330000000003
124,REPSOL,fuel,40.277133899999995,-3.7650354
125,Repsol,fuel,40.460992600000004,-3.7578462
126,FUENLABRADA,fuel,40.265879299999995,-3.7584327000000006
127,BP LOS ROSALES,fuel,40.3404631,-3.8637259
128,REPSOL,fuel,40.448900200000004,-3.8599855000000005
129,SHELL,fuel,40.440666,-3.8407254
130,SHELL,fuel,40.440359,-3.8417467000000003
131,BP,fuel,40.325272999999996,-3.8472879
132,BP,fuel,40.3264465,-3.8474231
133,REPSOL,fuel,40.324427899999996,-3.8474327000000006
134,CAMPSA,fuel,40.357028,-3.825028
135,Alcampo Fuenlabrada,fuel,40.301927,-3.830422
136,LISBOA,fuel,40.342943,-3.8407760000000004
137,BP SAN MARTIN II,fuel,40.3570953,-3.8370693
138,Repsol Cerro de los Gamos I,fuel,40.4561555,-3.8110133000000004
139,E.S. HUMANES S.L.,fuel,40.275194,-3.81175
140,Repsol Cerro de los Gamos II,fuel,40.4556714,-3.8118175
141,BP OLIMPICA,fuel,40.3424985,-3.8142058
142,REPSOL,fuel,40.35651,-3.8194220000000003
143,REPSOL,fuel,40.4689148,-3.820062
144,,fuel,40.4294794,-3.7084001000000004
145,Shell,fuel,40.4554939,-3.8673894
146,Cepsa,fuel,40.5165401,-3.6853542999999997
147,BP,fuel,40.451101,-3.856821
148,La Atalaya,fuel,40.3769234,-3.8748165
149,Cerro de la Cabaña,fuel,40.3921724,-3.6250519999999997
150,CEPSA,fuel,40.4329836,-3.7243883999999996
151,,fuel,40.410644399999995,-3.7176925000000005
152,E.S. Carrefour La Gavia,fuel,40.3688635,-3.6015354
153,Repsol,fuel,40.357393200000004,-3.5590346
154,Cepsa,fuel,40.296933100000004,-3.6909922999999996
155,,fuel,40.4028969,-3.6898152000000004
156,REPSOL,fuel,40.413154600000006,-3.7886043
157,BP SAN MARTIN II,fuel,40.357453899999996,-3.8374105000000003
158,Surtidor de Gasolina,fuel,40.451538,-3.6757160000000004
159,BP,fuel,40.3709333,-3.5928678
160,Campsa,fuel,40.4052472,-3.7031098
161,Repsol,fuel,40.401607,-3.7616447999999996
162,,fuel,40.4416454,-3.6694955
163,SHELL,fuel,40.528803499999995,-3.6515464
164,GALP,fuel,40.467917,-3.578778
165,GALP,fuel,40.5329847,-3.6421612000000003
166,Cepsa,fuel,40.436444,-3.559611
167,GALP,fuel,40.2815862,-3.7706841
168,BP,fuel,40.33207410000001,-3.7618468000000003
169,SHELL,fuel,40.2715,-3.7014169999999997
170,E.S El Molino,fuel,40.268278,-3.832528
171,AVIA,fuel,40.436561700000006,-3.5328062999999994
172,REPSOL,fuel,40.383833,-3.723889
173,CEPSA,fuel,40.355806,-3.554639
174,Cepsa,fuel,40.499889,-3.547917
175,CEPSA,fuel,40.46443729999999,-3.7199244
176,Repsol,fuel,40.456390999999996,-3.6934934
177,CEPSA,fuel,40.4573045,-3.6777873
178,REPSOL,fuel,40.429666999999995,-3.668028
179,REPSOL,fuel,40.467889,-3.5702220000000002
180,Repsol,fuel,40.349307,-3.7141886
181,AIDATER,fuel,40.320194,-3.875528
182,SuministroIC,fuel,40.443608700000006,-3.6782955999999998
183,REPSOL,fuel,40.3975114,-3.7649318
184,GALP,fuel,40.538333,-3.644889
185,Cepsa,fuel,40.435417,-3.557694
186,GALP,fuel,40.2749738,-3.8055814
187,CAMPSA,fuel,40.4451654,-3.6848942000000005
188,REPSOL,fuel,40.4969794,-3.5978449
189,REPSOL,fuel,40.3757661,-3.6041915
190,CEPSA,fuel,40.350556,-3.9040559999999997
191,CAMPSA,fuel,40.276389,-3.699444
192,CAMPSA,fuel,40.304077,-3.7260057
193,AIDATER,fuel,40.3201944,-3.8763191
194,Cepsa,fuel,40.4203657,-3.5559407
195,Star Petroleum,fuel,40.372528,-3.7079169999999997
196,Cepsa,fuel,40.4637902,-3.6756269
197,BP,fuel,40.350389,-3.902889
198,BP GETAFE,fuel,40.3172893,-3.743902
199,CEPSA,fuel,40.404610999999996,-3.6733059999999997
200,SHELL Valdelaparra,fuel,40.537625,-3.6431926
201,REPSOL,fuel,40.308528,-3.777306
202,Cepsa,fuel,40.323167,-3.732917
203,CEPSA,fuel,40.351139,-3.7239999999999998
204,REPSOL,fuel,40.3685155,-3.7660057
205,CAMPODON S.A.,fuel,40.354110999999996,-3.868639
206,CEPSA,fuel,40.4535903,-3.6898959000000002
207,REPSOL,fuel,40.515656400000005,-3.6509266000000005
208,CAMPSA,fuel,40.3209116,-3.7267682
209,CEPSA,fuel,40.4138833,-3.7214621
210,CEPSA,fuel,40.520111,-3.6575279999999997
211,CAMPODON II,fuel,40.353861,-3.867889
212,CEPSA,fuel,40.446971999999995,-3.651972
213,Shell,fuel,40.54775,-3.61075
214,Repsol,fuel,40.443083,-3.711722
215,,fuel,40.432744899999996,-3.6614538
216,Shell,fuel,40.3298676,-3.7161881
217,REPSOL,fuel,40.3802581,-3.5975104
218,REPSOL,fuel,40.3292813,-3.7257001000000005
219,Gasolinera,fuel,40.3152221,-3.6924133
220,,fuel,40.3898164,-3.7063271
221,Móstoles 2,fuel,40.3328109,-3.8542605000000005
222,Repsol,fuel,40.4341876,-3.5333068
223,Shell,fuel,40.4342445,-3.5325472999999996
224,Repsol,fuel,40.449949100000005,-3.5652733999999997
225,E.S Nassica,fuel,40.2653997,-3.6951137000000003
226,BP Cabañas Dcha,fuel,40.303139200000004,-3.7392943999999995
227,,fuel,40.3940757,-3.6987362999999998
228,Repsol GLP,fuel,40.39152120000001,-3.6766432
229,,fuel,40.387426899999994,-3.7301453
230,Repsol,fuel,40.4798561,-3.6978875
231,Repsol,fuel,40.3676925,-3.5880290999999995
232,La Ballena,fuel,40.3532454,-3.7981056000000004
233,Repsol,fuel,40.5000333,-3.698007
234,,fuel,40.4741626,-3.6642302000000004
235,E. Leclerc,fuel,40.363555600000005,-3.7351372000000005
236,,fuel,40.379344399999994,-3.6656513999999993
237,,fuel,40.340822700000004,-3.8024017
238,Galp,fuel,40.27458,-3.7607987
239,,fuel,40.4412189,-3.6643132000000005
240,,fuel,40.387885499999996,-3.7306676
241,Repsol,fuel,40.4075622,-3.6602007000000003
242,Repsol,fuel,40.450595,-3.8814162000000003
243,BP CHEYPER,fuel,40.3680768,-3.7207205
244,BP,fuel,40.2663408,-3.8144632000000005
245,Ballenoil,fuel,40.336150200000006,-3.7151068
246,,fuel,40.27264520000001,-3.8197699999999997
247,,fuel,40.272009499999996,-3.8191286
248,,fuel,40.273965600000004,-3.8130912000000006
249,Estación de Servicio Diamond,fuel,40.373837200000004,-3.7714790999999996
250,Petroprix Alcorcón Tres Aguas,fuel,40.3587534,-3.8287022000000004
251,Ballenoil,fuel,40.405176399999995,-3.5907496
252,,fuel,40.534293,-3.6388555
253,Gasolinera CostCo,fuel,40.2829114,-3.6869730000000005
254,E.S. Carrefour San Fernando,fuel,40.4493906,-3.5279464999999997
255,Ballenoil Vallecas,fuel,40.3652482,-3.584578
256,Repsol,fuel,40.3866849,-3.6640134
257,Cepsa,fuel,40.3700773,-3.6443327000000005
258,La Ballena,fuel,40.394703899999996,-3.8417275
259,Repsol,fuel,40.4410251,-3.6252922999999995
260,BP,fuel,40.3137748,-3.8690107000000005
261,Repsol,fuel,40.4955805,-3.7188149
262,Shell,fuel,40.473758399999994,-3.6242817000000005
263,Shell,fuel,40.4979849,-3.6260858
264,Repsol,fuel,40.4347223,-3.7041932
265,Gasolinera,fuel,40.545769,-3.622674
266,,fuel,40.315635799999995,-3.8460042000000003
267,Repsol Estacion De Servicio A-15,fuel,40.3572148,-3.8250879999999996
268,,fuel,40.385457,-3.7458023999999996
269,Ballenoil,fuel,40.3658152,-3.6925983000000002
270,Galp Escarzano,fuel,40.458600700000005,-3.8009915999999997
271,,fuel,40.4850987,-3.6427461
272,Ballenoil,fuel,40.4329313,-3.5355413999999996
273,,fuel,40.3975006,-3.7439339
274,,fuel,40.4848235,-3.6457546
275,,fuel,40.449088399999994,-3.5730934999999997
276,,fuel,40.3639765,-3.6560159
277,E.S. Polvoranca,fuel,40.3062323,-3.8103344
278,,fuel,40.4852808,-3.6331534
279,,fuel,40.3340772,-3.7239815000000003
280,CEPSA,fuel,40.4018393,-3.6997254999999996
281,Gasolinera Shell,fuel,40.264839,-3.692975
282,,fuel,40.351249700000004,-3.5392882000000006
283,Ballenoil,fuel,40.35342670000001,-3.5420434999999997
284,CAB,fuel,40.3524453,-3.5469445
285,Ballenoil,fuel,40.3493682,-3.5279147000000006
286,E.S. Carrefour San Blas - Las Rosas,fuel,40.41608970000001,-3.6188446000000005
287,BP,fuel,40.3687949,-3.6452777999999997
0,,police,40.4227875,-3.7068661
1,,police,40.4588974,-3.7832807999999996
2,,police,40.357451700000006,-3.69385
3,Dirección General de la Policía,police,40.4333177,-3.6778657999999997
4,Oficina Atención al Ciudadano. Guardia Civil,police,40.445510999999996,-3.7121359
5,Policía Nacional - Oficina Pasaportes y DNI.,police,40.4651785,-3.6973803
6,Oficina de Mediodía. DNI y Pasaporte,police,40.408542499999996,-3.7207277000000003
7,Policía Municipal de Fuenlabrada,police,40.28441779999999,-3.7999973
8,Centro Municipal La Hispanidad,police,40.3414042,-3.7653142
9,Guardia Civil,police,40.2849145,-3.8020297999999997
10,,police,40.4213486,-3.7054047999999997
11,Policía Nacional - División de Formación y Perfeccionamiento.,police,40.4690309,-3.6727919
12,Policía Local,police,40.424338899999995,-3.5350317
13,,police,40.430029299999994,-3.6964212999999995
14,Policía Nacional - División de Personal.,police,40.4688717,-3.6720601000000004
15,Policía Municipal - Unidad de atención a la familia.,police,40.39598970000001,-3.7024845
16,Policía Nacional - Unidad de Intervención Policial.,police,40.3984339,-3.6393674
17,Agentes Forestales - Comarca 17.,police,40.4213555,-3.8034733999999997
18,Agentes Forestales - Jefatura.,police,40.4212193,-3.8034977999999997
19,Guardia Civil - Cuartel de Majadahonda.,police,40.4482843,-3.8602819999999998
20,Comisaría Polica Nacional,police,40.4270248,-3.7165864
21,Guardia Civil - Cuartel de Alcobendas.,police,40.547692700000006,-3.6620731
22,Policía Nacional,police,40.468231200000005,-3.6170447
23,Policía Nacional,police,40.407236600000005,-3.6917465
24,,police,40.325200099999996,-3.653633
25,Comisaría de Policía,police,40.415746,-3.6768851000000002
0,Juan XXIII,school,40.541830499999996,-3.6366702000000006
1,San Antonio,school,40.542292100000004,-3.6289903
2,Colegio Nuestra Señora de los Remedios,school,40.3474338,-3.831339
3,C.E.I.P. Carmen Conde,school,40.342386600000005,-3.8338461
4,Virgen Del Remedio,school,40.3514032,-3.8222751000000006
5,Centro Educativo Villa de Alcorcón,school,40.3489735,-3.8269905
6,Amor De Dios,school,40.3511781,-3.8157124
7,Colegio Público Párroco D. Victoriano,school,40.3443309,-3.8200439
8,Liceo Serrano - Trinity College,school,40.443360299999995,-3.8930398999999998
9,San Pablo,school,40.42760820000001,-3.5688136
10,San Esteban,school,40.437433,-3.5320487000000003
11,Colegio Público La Alhóndiga,school,40.3068446,-3.7378674
12,Colegio San Sebastián,school,40.312779299999995,-3.7263358
13,San José,school,40.307926,-3.7307126000000004
14,Mengual,school,40.3081033,-3.7268782999999996
15,C.E.I.P. Lepanto,school,40.3357934,-3.7702633999999997
16,Colegio Público Seseña y Benavente,school,40.326809600000004,-3.7376842000000003
17,Divina Pastora,school,40.3091005,-3.7330318
18,San José de Calasanz,school,40.310402,-3.7305365
19,Colegio Público Marqués de Leganés,school,40.3249888,-3.7684858
20,La Inmaculada,school,40.327512799999994,-3.768265
21,Liceo San Pablo,school,40.327544,-3.7607185
22,El Salvador,school,40.3300447,-3.7598498
23,C.E.I.P. Víctor Pradera,school,40.33866870000001,-3.754397
24,C.E.I.P. Miguel de Cervantes,school,40.3309732,-3.7819754
25,Colegio Público Arroyofresno,school,40.48363270000001,-3.7201651
26,Colegio Público Antonio Machado,school,40.3672586,-3.7546133999999998
27,Colegio Público Azorín,school,40.343015799999996,-3.6869137000000003
28,Colegio Público San Roque,school,40.346946700000004,-3.7031707000000003
29,Colegio Público Francisco de Quevedo,school,40.404684499999995,-3.6793538999999997
30,Colegio Público Bolivia,school,40.4075213,-3.7501123999999995
31,Colegio Público Ciudad Pegaso,school,40.4472065,-3.5981296
32,CPEE María Soriano,school,40.3628619,-3.7622051
33,CEIP Isaac Peral,school,40.3864011,-3.7309413
34,Colegio Público Haití,school,40.386057,-3.7467289
35,Colegio Público Hernán Cortés,school,40.391146,-3.7510856
36,Colegio Público Méjico,school,40.443436,-3.6508507000000003
37,Colegio Diocesano María Inmaculada,school,40.3722376,-3.7582251
38,Colegio Público Jorge Manrique,school,40.3883566,-3.7105611000000005
39,Colegio Público Juan de la Cierva,school,40.3540806,-3.6903894999999998
40,Colegio Público Perú,school,40.3940782,-3.7135071
41,Colegio Público Nuestra Señora de la Concepción,school,40.4371436,-3.6500002
42,Colegio Público Menéndez y Pelayo,school,40.405541299999996,-3.6914671
43,Colegio Público San Eugenio y San Isidro,school,40.402117700000005,-3.7031017999999998
44,Colegio Público Sagunto,school,40.34117620000001,-3.6852953999999998
45,Colegio Público San Carlos,school,40.3436479,-3.7116239999999996
46,Colegio Público República del Uruguay,school,40.3934004,-3.7409540999999997
47,Colegio Público República de Venezuela,school,40.383535200000004,-3.7137738
48,Colegio Público República de Ecuador,school,40.3876001,-3.725068
49,Colegio Público República del Brasil,school,40.3700812,-3.6895578999999996
50,Colegio Público República Dominicana,school,40.3760301,-3.7518993999999997
51,Colegio Público Ramiro de Maeztu,school,40.442362599999996,-3.6871913
52,Colegio Luz Casanova,school,40.3962067,-3.6964829
53,Colegio Madres Concepcionistas,school,40.4262288,-3.7134167999999996
54,Colegio San Luis-Felca,school,40.382769399999994,-3.7093833
55,Colegio Nazaret-Oporto,school,40.39043579999999,-3.7282773000000002
56,Colegio Público La Alameda,school,40.4379367,-3.6077718
57,Colegio Público Arcipreste de Hita,school,40.3849226,-3.7257724000000003
58,Colegio Alameda de Osuna,school,40.455138,-3.5941147000000004
59,Colegio Beata Filipina-Fund.Feliciana Viertola,school,40.3802565,-3.7726641000000005
60,Colegio Liceo Oroquieta,school,40.3549461,-3.6918802000000004
61,Colegio Pablo VI,school,40.462032799999996,-3.6987685
62,Colegio El Prado,school,40.49668870000001,-3.7028855000000003
63,Colegio Santa María Micaela,school,40.3943417,-3.7388434999999998
64,Obra So.N.S.Montserrat-S.Simón y S.Judas,school,40.365150799999995,-3.7030157
65,Colegio Nuestra Sra. de las Nieves,school,40.445952399999996,-3.6140021
66,Colegio Santa María de los Apóstoles,school,40.3746609,-3.7497943999999994
67,Colegio San Vicente,school,40.4269984,-3.6072162000000003
68,Centro Teide IV,school,40.43352410000001,-3.6477394
69,Colegio Santo Ángel de la Guarda,school,40.445626399999995,-3.6143057
70,Colegio San Javier,school,40.397560600000006,-3.7020248999999996
71,Colegio San Eulogio,school,40.374733299999995,-3.6215667999999996
72,Colegio San Antonio,school,40.4507065,-3.7032159
73,Instituto San José,school,40.364163700000006,-3.7738398
74,Colegio Divino Maestro,school,40.4078881,-3.7435167999999996
75,Colegio Público Carmen Cabezuelo,school,40.4300709,-3.628936
76,El Carmelo Teresiano,school,40.376906299999995,-3.7789704
77,Colegio Santa Beatriz de Silva,school,40.380688299999996,-3.7296943999999996
78,Colegio Con-Pe,school,40.3880584,-3.7417133000000002
79,Colegio Amorós,school,40.3691743,-3.7564839
80,Colegio Público Ramón Gómez de la Serna,school,40.3400527,-3.6902410000000003
81,Colegio Público San Cristóbal,school,40.4369171,-3.705329
82,Colegio Público Palacio Valdés,school,40.410536,-3.6931160000000003
83,Colegio Público Ntra. Sra. de la Almudena,school,40.4189343,-3.6779727999999996
84,Colegio Luz Casanova,school,40.384503499999994,-3.7101201
85,Centro María Corredentora,school,40.4541697,-3.6137582999999998
86,Antiguo Colegio Hispanidad,school,40.3785709,-3.7467053999999997
87,Colegio Hispano Alemán,school,40.4486555,-3.6831055
88,Institut.Hispano Americano de la Palabra,school,40.460080299999994,-3.6547379
89,Ins.Psicopediatría Dr.Quintero Lumbreras,school,40.5229397,-3.6894413999999998
90,Colegio Santa María de la Hispanidad,school,40.4532614,-3.6113927
91,Colegio Corazón de María,school,40.438428,-3.6458623
92,Colegio Público Ciudad de Córdoba,school,40.3625773,-3.6967133999999997
93,Colegio de Huérfanos de la Armada,school,40.4712848,-3.6669013999999995
94,Colegio Montserrat,school,40.4162775,-3.6677271
95,Colegio Ntra. Sra. de la Merced,school,40.3925091,-3.7355487000000003
96,Liceo Madariaga,school,40.4351468,-3.6413508
97,Colegio Ntra. Sra. de las Escuelas Pías,school,40.3756513,-3.7499805
98,Colegio Calasancio-Ntra.Sra.de las Escuelas Pías,school,40.4306484,-3.6760155
99,Colegio Nuestra Señora de las Escuelas Pías,school,40.3893443,-3.7538461000000005
100,Colegio La Milagrosa,school,40.3821654,-3.7453196
101,Colegio Natividad de Nuestra Señora,school,40.4325726,-3.6711536
102,Colegio Minerva,school,40.4072044,-3.6081327000000005
103,Colegio La Milagrosa,school,40.3934381,-3.6614506
104,Colegio de las Madres Mercedarias de Don Juan de Alarcón,school,40.4215066,-3.7021038999999996
105,Colegio Santa Cristina,school,40.414614,-3.7285043
106,Colegio San Pedro,school,40.351080100000004,-3.6890396
107,Colegio Cervantes,school,40.38513,-3.7253361000000003
108,Colegio San Fermín,school,40.3727453,-3.6921875
109,Colegio San José de Begoña,school,40.4841892,-3.6877399
110,Colegio Sagrados Corazones,school,40.357012100000006,-3.694003
111,Colegio San Alberto Magno,school,40.402419200000004,-3.7236947
112,Centro Cultural Salmantino,school,40.3953054,-3.6645157
113,Antiguo Colegio Viancor,school,40.42404929999999,-3.6621031000000004
114,Colegio Gil-Díaz,school,40.4687104,-3.7057288
115,Colegio Británico Maxwell School,school,40.445769899999995,-3.685059
116,Union-Chrétienne de Saint Chaumond (Franc.),school,40.4458753,-3.6809785
117,I.E.S. Santa Teresa de Jesús,school,40.420573299999994,-3.7101674
118,Colegio San Gabriel,school,40.377682799999995,-3.7489220000000003
119,Colegio San Pedro Apóstol,school,40.474042700000005,-3.5769915
120,Centro Cultural Elfo,school,40.4340867,-3.6489097000000004
121,Colegio Vedruna,school,40.384127299999996,-3.7427398000000003
122,Agrupación Escolar Europa,school,40.3511855,-3.6806392999999997
123,Colegio Liceo Ibérico,school,40.394316499999995,-3.7104718
124,Colegio Público Ciudad de Badajoz,school,40.383754700000004,-3.7789832000000003
125,Colegio Ntra. Sra. de los Dolores,school,40.3918414,-3.7339383
126,Dario Estudio,school,40.4224323,-3.7098461000000005
127,"Colegio Sagrado Corazón, Fuencarral",school,40.4943477,-3.6891964
128,I.E.S. Barrio Simancas,school,40.429072,-3.6252824
129,Colegio San José - Lucero,school,40.403814600000004,-3.7462855999999998
130,Escuela Profesional Javeriana,school,40.4298609,-3.7069053999999997
131,Colegio Santa María de Yermo,school,40.441030299999994,-3.7165381
132,Colegio Público Alcalde de Móstoles,school,40.3804575,-3.7762829
133,Instituto Politécnico nº 1 del Ejército,school,40.36892520000001,-3.7525477
134,Instituto San Cristóbal de los Ángeles,school,40.3427354,-3.6897263
135,Colegio Público Ciudad de Guadalajara,school,40.4590033,-3.5849421
136,Colegio González Cañadas,school,40.428432799999996,-3.7023644
137,Academia J.E.A.,school,40.4267633,-3.6943266
138,Colegio Público Ciudad de Zaragoza,school,40.4605125,-3.5911117999999993
139,Colegio Santa Cruz - Hijas de la Caridad,school,40.3798898,-3.7419372
140,Colegio Santa Joaquina de Vedruna,school,40.4949818,-3.6998607000000003
141,Colegio de Educación Especial Francisco del Pozo,school,40.4942106,-3.6864809999999997
142,Colegio La Natividad,school,40.367882200000004,-3.6899905
143,Centro Nuevo de Pedagogía,school,40.448567700000005,-3.6827155
144,I.E.S. Vista Alegre,school,40.3819776,-3.7362077000000005
145,Antonio Vicente Mosquete-C. Recursos Ed.,school,40.466525399999995,-3.6790870000000004
146,Liceo San Luis,school,40.3191881,-3.8629006
147,Liceo Villa Fontana,school,40.3185515,-3.8508148
148,La Inmaculada,school,40.3230979,-3.8604903
149,Colegio Público Virgen de la Ribera (Fund. Hnos. Pi Meco),school,40.5096019,-3.5314411
150,Institución Profesional Salesiana,school,40.374566200000004,-3.7528567
151,Antiguo Colegio Cervantes,school,40.379129799999994,-3.728264
152,Colegio de Jesús,school,40.47275,-3.5850729
153,Colegio Bienaventurada Virgen María,school,40.3963134,-3.7474665999999996
154,Colegio Nuestra Señora de las Delicias,school,40.3978798,-3.6940817999999997
155,IES Escuela Técnico Profesional de la Salud,school,40.4193002,-3.6700318999999997
156,Joan Miró,school,40.5580463,-3.6243419
157,Francisco Carrillo,school,40.547770799999995,-3.6291189
158,Mi Cole,school,40.5461234,-3.6301597
159,Cristo Rey,school,40.485595399999994,-3.8680689
160,Colegio Público San José,school,40.5543737,-3.8868841
161,General Izquierdo,school,40.269670700000006,-3.5923087999999996
162,Gil Gayarre,school,40.4390044,-3.8390795
163,Colegio Público Asunción de Ntra. Sra.,school,40.4388476,-3.8153704
164,Santo Domingo,school,40.3419347,-3.8246669
165,Colegio Público Jesús Varela,school,40.3491645,-3.8303242999999996
166,Santa Catalina,school,40.4494184,-3.8662125
167,Circulo Ecca,school,40.4325989,-3.6759404000000004
168,Colegio Dos Parques,school,40.397238200000004,-3.7033722
169,C.E.I.P. San José de Valderas,school,40.3530756,-3.8148294000000003
170,Inglan,school,40.3089374,-3.7304814
171,Antiguo Centro de Estudios Sol,school,40.4115325,-3.7067617999999993
172,Colegio Público Meseta de Orcasitas,school,40.3721664,-3.7103458
173,C.E.I.P. Francisco de Quevedo,school,40.322137700000006,-3.7726892999999997
174,Vicente Aleixandre,school,40.3432596,-3.8207741000000004
175,C.E.I.P. Lope de Vega,school,40.323349,-3.774773
176,Instituto de Educación Secundaria Ramiro de Maeztu,school,40.4428104,-3.6878857000000003
177,I.E.S. Butarque,school,40.337471,-3.7593152
178,C.E.I.P. Parque de Lisboa,school,40.3502736,-3.8138117
179,Centro de E.E. La Purísima,school,40.4274073,-3.6579233999999996
180,Valdepalitos,school,40.548293900000004,-3.6465955
181,Colegio Público Federico García Lorca,school,40.3395452,-3.8198933
182,Scuola Statale Italiana,school,40.441934,-3.6952191
183,CEPA Cultural Moratalaz,school,40.403818,-3.6496481
184,Casa de la Cultura,school,40.3058342,-3.732302
185,Ecole Saint-Exupery (Francés),school,40.5289071,-3.6286410000000004
186,Numont School (Británico),school,40.4560206,-3.6493561000000003
187,Hof Der Lage Landen (Holandés),school,40.470208299999996,-3.6638364
188,Centro de Educación Especial Leo Kanner,school,40.489870700000004,-3.7026257000000005
189,Colegio Público de E.E. Inmaculada Concepción,school,40.3899718,-3.7261302000000005
190,"Escuela Al-Fateh Árabe Madrid(Libia,Al.Extr)",school,40.4456314,-3.6818229
191,Padre Manyanet,school,40.55056810000001,-3.6665408999999998
192,Colegio Público Francisco de Quevedo,school,40.470170700000004,-3.881424
193,Universidad Popular Ss De Los Reyes-Cea,school,40.554223799999995,-3.6327436
194,CEPA La Albufera,school,40.3928289,-3.6627110000000003
195,Legamar,school,40.3156357,-3.7753766000000004
196,Willoughby College Macarena,school,40.461709899999995,-3.6768544999999997
197,Seis De Diciembre,school,40.5407097,-3.6431809
198,I.E.S. Alameda de Osuna,school,40.4603155,-3.5891050000000004
199,Manuel de Falla,school,40.2987548,-3.8054932999999997
200,C.E.I.P. Gerardo Diego,school,40.340582,-3.7662782999999997
201,Colegio Público Miguel Servet,school,40.3940299,-3.7368841
202,I.E.S. Blas de Otero,school,40.3890501,-3.7624388999999994
203,Colegio Público La Latina,school,40.3886546,-3.7625512000000003
204,Escuela Libre Micael,school,40.5160365,-3.8822241
205,Orvalle,school,40.5327977,-3.9007367
206,John Lennon,school,40.281025799999995,-3.8066948
207,Colegio Público Miguel Hernández,school,40.338544799999994,-3.8250536
208,Centro de enseñanza Hease,school,40.3481158,-3.7073252
209,Infantas Elena Y Cristina,school,40.543942200000004,-3.6186727999999997
210,Colegio Público La Escuela,school,40.35732720000001,-3.5482763
211,Rosalía de Castro,school,40.29184179999999,-3.7902465
212,Colegio Público de E. E. Infanta Elena,school,40.4435394,-3.6500733999999997
213,Universidad Popular De Alcobendas - Cea,school,40.5442659,-3.6435692000000004
214,Esc. Mun. Ramón María del Valle Inclán,school,40.3397667,-3.8204257000000004
215,Practivox,school,40.4111037,-3.6963686
216,,school,40.2996585,-3.8063865
217,Colegio Público Calderón de la Barca,school,40.470602,-3.5840634
218,C.E.I.P. Blas de Otero,school,40.3423377,-3.8348348
219,C.E.I.P. Luis Buñuel,school,40.551430200000006,-3.6408748999999996
220,C.E.I.P. Fernando de los Ríos,school,40.341466100000005,-3.8340525000000003
221,Escuela de Música Santa Cecilia,school,40.4484635,-3.7105203999999996
222,Escuela Municipal de Música Pablo Casals,school,40.323399200000004,-3.7701345
223,Escuela de Música Mater Salvatoris,school,40.465888299999996,-3.7709572999999996
224,Enrique Granados,school,40.4712207,-3.8676481
225,Real Conservatorio Superior de Música de Madrid,school,40.4090312,-3.6945232000000003
226,E.O.I. de Madrid–Jesús Maestro,school,40.440523999999996,-3.7115227999999996
227,Escuela de Música Diapasón,school,40.449834,-3.7059121
228,Ceden,school,40.302876700000006,-3.7342353999999998
229,Colegio Nueva Castilla,school,40.3772231,-3.6192572
230,Antiguo Centro de E.E. Virgen de Nuria,school,40.4605049,-3.6577024
231,Colegio Nazaret San Blas,school,40.4273099,-3.6263876000000006
232,A.T.A.M.,school,40.4411215,-3.8234114999999997
233,El Parque,school,40.3149836,-3.7215601
234,Manuel Aguilar Hardisson,school,40.5481704,-3.6289327000000005
235,Colegio Comunidad Infantil de Villaverde,school,40.3432547,-3.7115953
236,C.E.I.P. Claudio Sánchez Albornoz,school,40.3431133,-3.8350985
237,Poetisa Celia Viñas,school,40.277741799999994,-3.8073733
238,Carmen Conde,school,40.326852200000005,-3.7565305
239,Colegio Público Parque Eugenia de Montijo,school,40.3780246,-3.7517765
240,Parque De Cataluña,school,40.5420224,-3.6387534
241,Progreso Musical,school,40.4310041,-3.7179055
242,Carlos Soto,school,40.406470899999995,-3.8757398999999997
243,I.E.S. Antonio Machado,school,40.366629700000004,-3.7553237
244,Montepríncipe,school,40.4116779,-3.8427472999999996
245,Antigua Escuela de Música Salan,school,40.4429004,-3.6736262
246,CEPA Daoíz y Velarde,school,40.38322470000001,-3.7147159
247,Pax-Casvi,school,40.35324979999999,-3.8868614000000004
248,CPEE Hospital Gregorio Marañón,school,40.419323,-3.6713004000000002
249,Las Yedras,school,40.3606872,-3.9036817000000004
250,Juan XXIII,school,40.347688500000004,-3.8275981
251,Centro Musical Serra,school,40.396381,-3.7619841
252,Colegio Público Ntra. Sra. de la Luz,school,40.3438685,-3.7057672999999993
253,Colegio Público de E.E. La Quinta,school,40.5053717,-3.7380607000000006
254,Escuela de Arte de Madrid N.3,school,40.412213,-3.707299
255,Colegio Addis,school,40.3475234,-3.7087230000000004
256,Escuela de Arte de Madrid N.2,school,40.4170421,-3.6954101
257,Ntra. Sra. De Zarzaquemada,school,40.3331516,-3.7531107000000006
258,Col. Británico de Madrid en Somosaguas,school,40.4123151,-3.7916551
259,Colegio Público Julio Cortázar,school,40.2923648,-3.7528123
260,Colegio Público Fernando de los Ríos,school,40.485036799999996,-3.8692769
261,C.E.I.P. Miguel Delibes,school,40.326856,-3.7547237
262,Colegio Público El Madroño,school,40.401632799999994,-3.6549742999999997
263,Colegio Público Manuel Núñez de Arenas,school,40.291219,-3.7469449
264,C.E.I.P. Joan Miró,school,40.337266799999995,-3.7640684
265,C.E.I.P. Andrés Segovia,school,40.3296407,-3.7471794000000003
266,Colegio Público Profesor Tierno Galván,school,40.5400352,-3.6298547999999995
267,Musical Silvela,school,40.4289701,-3.6698896
268,Escuela municipal de música Maestro Barbieri,school,40.3728746,-3.7138377
269,Alcobendas,school,40.5482231,-3.6415165999999997
270,Zola-Rozas,school,40.5126616,-3.9142968000000002
271,Centro Educativo Punta Galea,school,40.53682620000001,-3.9000424
272,Julio Palacios,school,40.543673,-3.6184814
273,E.O.I. De Las Rozas De Madrid,school,40.4954118,-3.8774632000000007
274,Coslada,school,40.4268609,-3.5651121
275,Escuela Oficial de Idiomas de Leganés,school,40.329879,-3.7465095999999996
276,I.E.S. Salvador Dalí,school,40.4393997,-3.6563957
277,E.O.I. de Madrid-Valdezarza,school,40.4729967,-3.7218959000000003
278,E.O.I. De Madrid-San Blas,school,40.4248295,-3.618561
279,Conservatorio Profesional de Música,school,40.4249909,-3.7090303999999996
280,E.O.I. de Madrid-Carabanchel,school,40.38820379999999,-3.7250262000000003
281,IES Carlos Bousoño,school,40.4721794,-3.8609751000000005
282,E.O.I. de Alcorcón,school,40.3506065,-3.8105385000000003
283,Colegio Público Vicente Blasco Ibáñez,school,40.291036600000005,-3.7867665
284,I.E.S. Pablo Neruda (aulario 1er Ciclo E.S.O),school,40.3293514,-3.7446372
285,Colegio Público Enrique Tierno Galván,school,40.286988799999996,-3.7491218
286,Nuevo Horizonte,school,40.49209260000001,-3.8809197999999996
287,Colegio Hispano Irlandés,school,40.4308554,-3.8483522000000003
288,Villalkor,school,40.355535100000004,-3.8696611000000005
289,Colegio Manuel Bartolomé Cossío,school,40.279383,-3.7933367
290,Escuela de Música Sigfredo,school,40.4243684,-3.6659916
291,Luis Estrella,school,40.539716,-3.6322252999999995
292,Enseñanza Musical Katarina Gurska,school,40.4492044,-3.6809525
293,Musical Marisa,school,40.4264795,-3.6717062000000005
294,Musical Marisa,school,40.4716044,-3.8669453000000003
295,Centro de enseñanzas musicales Ayensa,school,40.4063842,-3.6742291
296,Escuela municipal de música Federico Chueca,school,40.4651337,-3.6508167
297,Escuela Municipal de Música y Danza,school,40.495318,-3.8771203
298,CEPA Pan Bendito,school,40.3771653,-3.7345138999999996
299,CEPA Fuencarral,school,40.495897899999996,-3.6936021
300,IES Jarama,school,40.361042100000006,-3.5323955999999996
301,Esc. de Adultos de Arganzuela,school,40.394315899999995,-3.6935148
302,Khalil Gibran,school,40.279738,-3.8079146
303,CEPA Canillejas,school,40.4373479,-3.6082446000000004
304,E.O.I. de Madrid-Ciudad Lineal,school,40.4431958,-3.6503059999999996
305,Nazaret,school,40.397122700000004,-3.7518825
306,Hogar Don Orione,school,40.4053525,-3.7799424
307,Centro-Taller Norte Joven,school,40.4914245,-3.6910176
308,Escuela de Adultos de Moncloa,school,40.434975200000004,-3.7186348
309,El Parque,school,40.35830120000001,-3.5522513999999994
310,Los Jarales-Monterrozas,school,40.5195962,-3.9040752999999997
311,E.O.I. de San Sebastián de los Reyes,school,40.5487907,-3.6349543
312,E.O.I. De Majadahonda,school,40.4724796,-3.8605669999999996
313,Escuela de Música Intermezzo,school,40.4068951,-3.6929957000000004
314,Colegio Bra Institución,school,40.443705,-3.6381186000000003
315,Real Conservatorio Profesional de Danza Mariemma,school,40.379003499999996,-3.7373116000000004
316,Colegio Público Velázquez,school,40.2963992,-3.830338
317,Margarita Salas,school,40.46504229999999,-3.8674508000000003
318,Colegio Público Monte de El Pardo,school,40.5171311,-3.7743983
319,"Tato""S",school,40.5413335,-3.9008112
320,CEPA Cid Campeador,school,40.3820024,-3.7706532
321,C.E.I.P. Jacinto Benavente,school,40.33660089999999,-3.7602067999999997
322,CEPA Oporto,school,40.3862315,-3.7249472999999997
323,CEPA Ciudad Lineal,school,40.4292596,-3.6323355000000004
324,CEPA Dulce Chacón,school,40.477176,-3.6497415
325,CEPA Los Rosales,school,40.3545151,-3.6815216
326,CEPA Vicálvaro,school,40.4014635,-3.6067369
327,C.E.P.A. Alfar,school,40.3529795,-3.8157424
328,Scuola Materna Italiana,school,40.4421204,-3.6951888999999998
329,Pequeño Príncipe,school,40.331688899999996,-3.7826937999999997
330,Colegio Liceo Rosales,school,40.3496042,-3.6888349999999996
331,E.O.I. de Madrid-Moratalaz,school,40.3983828,-3.6333084
332,C.E.I.P. Mario Benedetti,school,40.3715375,-3.549781
333,Mafalda,school,40.290859399999995,-3.7454218
334,Oscus-Ventilla,school,40.4720527,-3.6934633000000003
335,Conservatorio Teresa Berganza,school,40.4035479,-3.7451282999999997
336,Conservatorio Profesional de Música Joaquín Turina,school,40.462233000000005,-3.6986217000000003
337,CEPA Paracuellos del Jarama,school,40.5026505,-3.5326727
338,Escuela Municipal de Adultos Usera,school,40.3716401,-3.6920580000000003
339,Esc. de Adultos de Barajas,school,40.4716708,-3.5853696000000004
340,CEPA Vista Alegre,school,40.383621600000005,-3.7404659
341,Colores,school,40.3177766,-3.8732587
342,La Comba,school,40.5581662,-3.6287045
343,Las Cumbres,school,40.553813500000004,-3.6307631000000002
344,Los Pingüinos,school,40.34624229999999,-3.8219404999999997
345,Los Pinos,school,40.3231201,-3.7723407999999994
346,Aventuras,school,40.3288075,-3.7547977999999995
347,La Chopera,school,40.540512799999995,-3.6429428999999995
348,El Juglar,school,40.3333922,-3.8705211999999998
349,Colegio El Despertar,school,40.386527,-3.7739608999999996
350,Mery,school,40.2687008,-3.9215693999999996
351,Escuela de Música Allegro,school,40.4753132,-3.7010586
352,Garabatos,school,40.523650399999994,-3.9133716
353,S.Sebastián de los Reyes,school,40.5541902,-3.6327036
354,Escuela Municipal de Música Ágata-Villaverde,school,40.346332200000006,-3.7084712
355,San Patricio,school,40.4744636,-3.8567897000000007
356,Escuela Municipal de Música El Capricho,school,40.4570523,-3.5944928999999997
357,Centro Escolar Balder,school,40.5512005,-3.9039312000000006
358,Academia Triunfo II,school,40.329313,-3.7615366999999997
359,Escuela Iraquí en Madrid,school,40.452171899999996,-3.6334342000000004
360,IES Escuela de la Vid e Industrias Lácteas,school,40.4108764,-3.7427288
361,La Comba,school,40.54697720000001,-3.6572650999999996
362,El Duende,school,40.3223531,-3.8840329
363,Centro de Estudios Financieros,school,40.4354795,-3.6974754
364,ICE Pablo VI,school,40.4545521,-3.6668078
365,Los Angelitos,school,40.4728171,-3.8686005
366,Dino,school,40.3635836,-3.5380451
367,,school,40.47374310000001,-3.6757150000000003
368,Conf.Past.Helad.Repost.Pl.Coci.Comun.Ma.,school,40.4018515,-3.6987654
369,San Carlos,school,40.4519177,-3.7984362999999997
370,CEPA Moncloa,school,40.424745,-3.7146663999999996
371,C.E.P.A. Las Rozas,school,40.4953164,-3.8767378
372,CEPA Arganzuela,school,40.400613799999995,-3.6960556
373,El Romancero,school,40.3393154,-3.7423727999999996
374,Escuela de Música Creativa,school,40.426354700000005,-3.7045343999999996
375,Villaviciosa de Odón,school,40.3605262,-3.9017216
376,Hotel Escuela de la Comunidad de Madrid,school,40.525809499999994,-3.6828081
377,Parque Coimbra,school,40.3138111,-3.9217738
378,Adivinanzas,school,40.3413588,-3.8358917999999997
379,EI Grimm,school,40.3619645,-3.5329834000000004
380,El Cuco,school,40.3259551,-3.7542717000000003
381,Centro de Estudios Superiores Giner,school,40.3942394,-3.7656951000000003
382,Alba,school,40.4492999,-3.8121434
383,La Encina,school,40.5194396,-3.9035553999999997
384,UFIL Puerta Bonita,school,40.3786949,-3.7384439
385,Edoa,school,40.3154798,-3.8732807
386,UFIL Virgen de África,school,40.3675362,-3.6992761
387,UFIL Cid Campeador,school,40.382115999999996,-3.7701073
388,Arroyomolinos (Esc. Mun. Música),school,40.269096399999995,-3.9205398000000002
389,"Capital-1, Ntra. Sra. de la Fuencisla",school,40.3803439,-3.6974004999999996
390,"Sur-6, Leganés",school,40.3291898,-3.7542017
391,Centro de E.E. Peripatos,school,40.3898138,-3.7268943
392,Gloria Fuertes,school,40.3212445,-3.7167937999999996
393,Centro Privado De Educación Infantil Doctor Barranco,school,40.2953398,-3.8005480000000005
394,Colegio Público El Sol,school,40.42395379999999,-3.6119488
395,Sol Y Luna,school,40.299802,-3.8070271
396,Ciudad Infantil Mirabal,school,40.4181763,-3.9120111000000004
397,Garabato,school,40.53964379999999,-3.6371839999999995
398,Duendes,school,40.309602000000005,-3.9226068
399,Valdelaparra,school,40.5424171,-3.6583596
400,Alarcón,school,40.440774100000006,-3.8005400000000003
401,Chiquilin,school,40.3717946,-3.5372150999999996
402,Los Pinos Ayelem,school,40.3393023,-3.8349834
403,St. Anne´s School (Británico),school,40.4604702,-3.6741631
404,Tempo Musical,school,40.426855700000004,-3.6624008000000003
405,Escuela de Música Creativa -C.Estudios Profesionales,school,40.42626920000001,-3.7044672
406,Escuela de Música Melodía Siglo XXI,school,40.4829902,-3.7080303
407,El Bosque Encantado,school,40.39714620000001,-3.9139601
408,Mamani,school,40.4066474,-3.8770274
409,Fundación Tomillo,school,40.3659466,-3.6980419
410,La Milagrosa,school,40.315951299999995,-3.8735443999999997
411,Cabas,school,40.5204719,-3.9062930000000002
412,Escuela de Música Soto Mesa,school,40.4287645,-3.7070714999999996
413,Santa Isabel,school,40.5432565,-3.6354941
414,Esc.Superior de Informática de Las Rozas,school,40.4897592,-3.8754362
415,Las Huertas,school,40.4777916,-3.8731711000000004
416,Escuela de Música y Danza Naranjo,school,40.3455299,-3.7086632000000006
417,I.E.S. Numancia,school,40.4016393,-3.6544507000000004
418,Monte Abantos,school,40.5210981,-3.9010955000000003
419,Colegio Público José Saramago,school,40.354083700000004,-3.533403
420,The Dance Factory,school,40.4526203,-3.7054931000000004
421,El Duende,school,40.2868646,-3.7492195
422,Don Miki,school,40.288286299999996,-3.8024806000000004
423,Dumbo,school,40.299436799999995,-3.8085845000000003
424,Mi Casita,school,40.33033029999999,-3.7534247000000005
425,Extension E.O.I. De San Fernando De Henares En Rivas-Vaciamadrid,school,40.3737099,-3.5276207000000004
426,Centro de estudios Acua,school,40.4277342,-3.6985309999999996
427,Centro de Estudios Avanzados Alta Dirección,school,40.4274365,-3.6579214999999996
428,Cepri,school,40.4707186,-3.8780928999999995
429,Dindon,school,40.2871958,-3.7574648
430,Casal,school,40.3073365,-3.7370254999999997
431,"Nene""S",school,40.3282607,-3.8680977999999997
432,Escuela Oficial de Idiomas de Boadilla Del Monte,school,40.4099498,-3.8844322
433,Madre Y Reina,school,40.4324423,-3.8139894
434,Carrusel,school,40.297319,-3.803382
435,Colegio de EE Hospital Infantil San Rafael,school,40.452279,-3.6817504
436,"Capital-3, San Miguel",school,40.4743669,-3.6522945
437,"Sur-8, Móstoles",school,40.3132012,-3.9216427000000005
438,Tamaral,school,40.474723100000006,-3.8858667999999996
439,Arco Iris,school,40.3443941,-3.8195290999999996
440,Sol Y Luna,school,40.3418089,-3.8246142
441,Lomas Ii,school,40.4481287,-3.7932226000000004
442,Projardin Igueldo,school,40.3403083,-3.8177244
443,Rivas-Vaciamadrid,school,40.3738205,-3.5273431000000004
444,Centro Público de Educación de Personas Adultas de Pozuelo de Alarcón,school,40.4494878,-3.7993864
445,Majadahonda,school,40.47123870000001,-3.8676709000000002
446,CEPA Las Rosas,school,40.421243,-3.6237972000000003
447,Mi Casita,school,40.4408203,-3.8014562000000005
448,Mamani,school,40.405974900000004,-3.8766512000000004
449,Aula Hospitalaria Ramón y Cajal,school,40.4872706,-3.6946719
450,Aula Hospitalaria Severo Ochoa,school,40.3205581,-3.7694419999999997
451,Aula Hospitalaria Hosp. Gral. Móstoles,school,40.3156611,-3.8776782
452,Aula Hospitalaria Hosp. Univ. De Getafe,school,40.3125974,-3.7413074999999996
453,Aula Hospitalaria Fundación Alcorcón,school,40.349613500000004,-3.8363318
454,Pauta,school,40.4269241,-3.6183793
455,Escuela Municipal de Música Villa de Vallecas,school,40.3819149,-3.6163943999999995
456,Aula Hospitalaria Pradera de San Isidro,school,40.3961695,-3.7276224
457,Aula Hospitalaria Doce de Octubre,school,40.3764036,-3.6969245
458,Colegio Tres Olivos,school,40.499008700000005,-3.688595
459,Paides,school,40.4405323,-3.7942693999999997
460,Pandora,school,40.3387783,-3.7737156
461,A Tempo Escuela de Música y Movimiento,school,40.473209499999996,-3.8703279000000004
462,Escuela Infantil La Gatita Curiosa,school,40.285491799999996,-3.8088794000000004
463,Mi Pequeño Hogar,school,40.3294416,-3.8554369
464,Luna Lunera,school,40.273694,-3.9190142
465,E.E.I. Dulcinea,school,40.3314823,-3.7528197999999997
466,Projardín Rivas,school,40.3669335,-3.5349746
467,Belgica,school,40.2857302,-3.804335
468,Don Pelanas,school,40.445046600000005,-3.8011816
469,Los Duendes,school,40.4257403,-3.5423468999999996
470,Tete,school,40.3562347,-3.8102032
471,Minimundo,school,40.344595399999996,-3.7505372
472,Legolas,school,40.5494828,-3.6562556000000006
473,Micos,school,40.3505026,-3.8969138
474,Babalu-Las Rozas,school,40.5442013,-3.8984585
475,Babalu-Boadilla,school,40.4087289,-3.8953393
476,Los Pingüinetes,school,40.3428787,-3.7461469
477,La Casita,school,40.5443591,-3.6332017
478,VíaFormación,school,40.427777299999995,-3.7009654999999997
479,Vicente Aleixandre,school,40.430386600000006,-3.7186888
480,Centro Bobath de Educación de Adultos,school,40.4907501,-3.7201053
481,Escuela Infantil Cangurito,school,40.2780948,-3.8005331
482,Colegio La Purísima,school,40.42733870000001,-3.6578178999999995
483,Antiguo Centro de E.E. Aleph,school,40.450552200000004,-3.6429120000000004
484,Lagartijas,school,40.556955,-3.6410447
485,Escuela municipal de música Carmelo Alonso Bernaola,school,40.488389,-3.6846113
486,Centro de Estudios Delicias,school,40.4055933,-3.6937054
487,Sueños De Papel,school,40.55164179999999,-3.6390927000000004
488,Las Amapolas-Happy School,school,40.4096848,-3.8810050000000005
489,El Cantizal,school,40.5203961,-3.9216026
490,Centro Bobath España,school,40.4907898,-3.7199685
491,Cucos,school,40.485121899999996,-3.8651367
492,Colores,school,40.5560713,-3.9042917999999998
493,Las Castañeras,school,40.2751432,-3.9180339999999996
494,Colegio Público El Greco,school,40.34544,-3.6748754999999997
495,Colegio Público Bachiller Alonso López,school,40.553286799999995,-3.655832
496,,school,40.4004619,-3.6887802000000005
497,Los Duendes,school,40.2879271,-3.7982843
498,Maria Montessori I,school,40.339763399999995,-3.8259591
499,Escuela Infantil Luna,school,40.2764479,-3.7919559
500,Jauja,school,40.480280799999996,-3.8690085
501,Escuela Municipal de Música Paracuellos de Jarama,school,40.5054485,-3.5334856
502,Tic-Tac,school,40.504781099999995,-3.5297154
503,Radio Ecca,school,40.427113,-3.6974625
504,Heidi Garabatos,school,40.288292799999994,-3.7480773999999997
505,Escuela Popular de Prosperidad,school,40.4420363,-3.6760243999999997
506,Asociación Semilla,school,40.3437863,-3.7125901
507,Payasete,school,40.553120299999996,-3.6388822999999997
508,Escuela Infantil Colores,school,40.2896251,-3.7905046000000002
509,CEPA San Sebastián de los Reyes,school,40.5542335,-3.6325279000000004
510,Fabordon,school,40.3728476,-3.9255406
511,Andana Centros de Música,school,40.4814467,-3.6642156999999997
512,Escuela de Música Pinzón,school,40.389568700000005,-3.7399932000000002
513,Escuela de música Maese Pedro,school,40.4162061,-3.6957416
514,Crios,school,40.4874142,-3.8813071000000003
515,Gente Pequeña,school,40.544831200000004,-3.6423582000000003
516,"Sur-12, Alcorcón",school,40.3444388,-3.8196462999999996
517,Madre Y Reina 2,school,40.432625200000004,-3.8141525
518,"Escuela Superior de Informática, Márketing y Negocios I&M",school,40.440704100000005,-3.6825417000000003
519,Garabato,school,40.3318349,-3.8710457000000003
520,Mami-Bel,school,40.3643936,-3.5440110000000002
521,Denenes,school,40.30465170000001,-3.7313482000000002
522,Centro de Educación Especial Aucavi,school,40.4272719,-3.6579278
523,Ñecos,school,40.4277265,-3.6445697
524,Colegio Timón,school,40.4244025,-3.6104407
525,Monterrozas 06,school,40.5183119,-3.9234907999999997
526,King's Infant School,school,40.4649618,-3.6691398
527,Colegio Público Ana María Matute,school,40.328132700000005,-3.7228121
528,Francisco De Orellana,school,40.269282200000006,-3.908405
529,Centro De Enseñanzas Superiores De Diseño De Interiores De Madrid,school,40.4387272,-3.6739855
530,Ciudad del Fútbol,school,40.522749600000004,-3.8995593
531,Los Olivos,school,40.5273787,-3.9204152999999997
532,Tito Gusanito,school,40.5422815,-3.6407752
533,Murialdo,school,40.4228015,-3.6153714999999997
534,Las Rehitas,school,40.4465815,-3.8689117999999993
535,Kiduu,school,40.4433851,-3.7854476999999997
536,Quinto Pino,school,40.5417496,-3.6424706
537,Pitukos,school,40.5240698,-3.9218299
538,Centro de Formación Comercial de Repsol YPF,school,40.43333870000001,-3.6852449000000003
539,Tesorines,school,40.4040606,-3.8972254
540,Aula Hospitalaria De Fuenlabrada,school,40.2864555,-3.8151531000000003
541,Cinco Lobitos,school,40.342833899999995,-3.7509309999999996
542,Los Duendes II,school,40.417497999999995,-3.5713027000000004
543,La Casa De La Pradera,school,40.4748929,-3.8547779
544,Las Travesuras De Marieta,school,40.444191,-3.812375
545,Ciudad Financiera Sch,school,40.393338799999995,-3.8557504000000002
546,La Cometa,school,40.472787200000006,-3.8749702000000004
547,Masbebes Soto De La Moraleja,school,40.5280968,-3.6442514999999998
548,Fundación F. San Román,school,40.52059570000001,-3.9077466
549,Los Mofletes,school,40.348712799999994,-3.8267157
550,Minimus,school,40.5540691,-3.6150572999999997
551,Burbujas Arroyo De La Vega,school,40.5301752,-3.6318004
552,Escuela De Bebes,school,40.44258320000001,-3.7904627
553,Colegio Público Pinar de San José,school,40.3624489,-3.7645619
554,Legamar,school,40.316099,-3.7734635
555,Centro Privado De Educación Infantil Fantasya,school,40.295488399999996,-3.8329741000000004
556,Logos B,school,40.5216755,-3.9326498999999995
557,Bebines,school,40.2953754,-3.7394136
558,Educamundo,school,40.492337299999996,-3.8639902999999998
559,Virgen De La Paloma II,school,40.424761,-3.5623289
560,La Torre Rosa,school,40.49625820000001,-3.8792631
561,Gredos San Diego Las Rozas,school,40.5025166,-3.8816469
562,Risitas,school,40.332662899999995,-3.7518567000000003
563,Pequesol,school,40.356854299999995,-3.7769142999999996
564,Antonio Vicente Mosquete C.R.E.,school,40.467211400000004,-3.6788697999999997
565,Extensión E.O.I. de Madrid-Moratalaz en Puente de Vallecas,school,40.3733631,-3.6655256
566,Extensión E. O. I. de Madrid - Ciudad Lineal en Barajas,school,40.4607021,-3.5892616999999998
567,Colegio Ártica,school,40.3605286,-3.755932
568,Centro de Educación de Adultos CICA,school,40.390476,-3.7145892
569,Pingüinos,school,40.5253729,-3.9199589
570,"Centro Politécnico a Distancia y Editorial CPD, S.L.",school,40.4869888,-3.6983623999999997
571,Colegio Público Vicente Ferrer,school,40.3204329,-3.7376226999999997
572,Colegio Público Legazpi,school,40.2792694,-3.911654
573,Clara Campoamor,school,40.346880600000006,-3.8079641000000004
574,Colegio San Jaime,school,40.4481068,-3.8688074999999995
575,Manuel De Falla,school,40.448797799999994,-3.8628672999999996
576,Wonderland,school,40.3165961,-3.7345398999999997
577,Duendes,school,40.4907917,-3.8813983999999997
578,Dulce Regazo,school,40.349774,-3.8246580000000003
579,Los Castillos,school,40.263786100000004,-3.9130709
580,"Centro de Autismo ""Juan Martos""",school,40.4598386,-3.7835986000000004
581,Burbujas Atp,school,40.40796029999999,-3.9015665
582,Ratoncitos,school,40.4206569,-3.5678562999999994
583,Querubines,school,40.3220824,-3.7557595
584,Tris Tras,school,40.449670399999995,-3.7951078999999996
585,Mi Cole,school,40.3356943,-3.8128067999999997
586,Monigotes,school,40.3251848,-3.7522032999999997
587,Pequeña Tripulacion,school,40.271164299999995,-3.917651
588,Pizpiretadas,school,40.406778700000004,-3.9010443999999995
589,Colegio Público Winston Churchill,school,40.4024175,-3.595618
590,Las Flores,school,40.3550576,-3.8032150000000002
591,El Alboroto,school,40.5134855,-3.6576405
592,La Casita De Bunny,school,40.3571075,-3.8116502999999997
593,UFIL Margarita Salas,school,40.278127000000005,-3.7906987
594,Colegio Público Álvaro de Bazán,school,40.4211012,-3.607617
595,Mi Tata,school,40.2746817,-3.9205683
596,Gazapitos,school,40.4418422,-3.8170414
597,Marta Mata,school,40.3164115,-3.7339885
598,Escuela Madrileña Alta Montaña. Centro de Formación,school,40.5245875,-3.6837402999999997
599,Nueva Bambi,school,40.3254909,-3.8705846
600,Los Álamos,school,40.3603354,-3.5396107000000003
601,Muñecotes,school,40.5588066,-3.6253411
602,Conservatorio Superior de Danza María de Ávila,school,40.3835332,-3.7344772000000006
603,C.I.E.M. Federico Moreno Torroba,school,40.383474,-3.7353379999999996
604,Colegio Quercus,school,40.404796600000005,-3.9030583
605,Antigua academia Ntm Madrid,school,40.425783700000004,-3.6843834
606,Escuela Popular de Música y Danza Olavide,school,40.432352,-3.7006544999999997
607,Muchos Peques,school,40.413903499999996,-3.8948118999999997
608,Colegio Público Carlos Cano,school,40.2929551,-3.8310109
609,Equipo Atención Temprana Villaverde,school,40.3596196,-3.6865216
610,Equipo Atención Temprana Moratalaz-Villa Vallecas,school,40.4011544,-3.6419703
611,Equipo Atención Temprana Tetuán,school,40.4709935,-3.6908462999999996
612,Equipo Atención Temprana San Blas,school,40.423946799999996,-3.6126516000000004
613,Equipo Atención Temprana Puente Vallecas,school,40.3926406,-3.6385563999999997
614,E. A. Temprana Latina-Carabanchel-Centro,school,40.3769192,-3.7367969
615,Equipo Atención Temprana Móstoles,school,40.3265686,-3.8540957000000002
616,Eq. Aten. Temprana Alcobendas-S.S. Reyes,school,40.5541111,-3.632536
617,Deficiencias Motóricas,school,40.424678899999996,-3.6130074
618,Deficiencias Auditivas,school,40.4245574,-3.6121339999999997
619,E.E. Alteraciones Graves Desarrollo,school,40.4389716,-3.7088318
620,Deficiencias Visuales Convenio Cm-Once,school,40.4664386,-3.6790754
621,Cº de Formación Amb. del Profesorado Granja Escuela Inf. Cdad. Escolar,school,40.523788700000004,-3.6854296000000004
622,Equipo General S. Sebastián de los Reyes,school,40.5581828,-3.6241352999999994
623,Equipo General De Las Rozas,school,40.5198875,-3.9035742
624,Cent.Form.Amb.Prof.Taller Nat. V.de Odón,school,40.359943900000005,-3.891483
625,British Prince School,school,40.4835956,-3.8583803999999997
626,El Duende Jugueton,school,40.3523578,-3.8093679
627,Escuela Municipal de Música Almudena Cano,school,40.4056984,-3.6927477999999994
628,Centro de Educación Especial Cisen,school,40.4583407,-3.6532940000000003
629,Colegio Gaudem (Educación Especial),school,40.473324100000006,-3.5939348
630,C.A.P. De Alcobendas,school,40.5440324,-3.6436895
631,C.A.P. de Leganés,school,40.3288846,-3.7570236000000006
632,C.A.P. de Móstoles,school,40.315217499999996,-3.8617345999999997
633,C.A.P. de Ciudad Lineal,school,40.42915429999999,-3.6323355000000004
634,C.A.P. de Latina-Carabanchel,school,40.394127399999995,-3.7407195
635,C.A.P. De Coslada,school,40.427066700000005,-3.5696019
636,C.A.P. De Majadahonda,school,40.4650943,-3.8677227
637,C.A.P. De Madrid-Centro,school,40.4280353,-3.7147403
638,C.A.P. de Villaverde,school,40.3678628,-3.7028352
639,Equipo General Moncloa-Chamberí,school,40.450752200000004,-3.6971008999999997
640,Equipo General Tetuan-Fuencarral,school,40.494452,-3.6943424
641,Equipo General Latina,school,40.3913501,-3.7510856
642,Equipo General Centro-Arganzuela,school,40.4337612,-3.6898898
643,Equipo General Villaverde-Usera,school,40.3674674,-3.7027922999999996
644,Equipo General Carabanchel,school,40.380775799999995,-3.7407247000000003
645,Equipo General Puente Vallecas,school,40.393567499999996,-3.6627403
646,Equipo General Hortaleza-Barajas,school,40.464053799999995,-3.6451365
647,Equipo General Rivas-Arganda,school,40.3740063,-3.5273607000000005
648,Equipo General Coslada,school,40.4272246,-3.5696133999999997
649,Equipo General Leganés,school,40.32908629999999,-3.7566472
650,Equipo General Móstoles,school,40.318903799999994,-3.8707943
651,Equipo General Alcobendas,school,40.544068200000005,-3.6436822
652,Tic Tac 2,school,40.505607,-3.5296403
653,San Miguel,school,40.4307864,-3.9022601999999997
654,Escuela Oficial de idiomas Villaverde-El Espinillo,school,40.3572805,-3.6873502
655,Abc Kindergarten,school,40.5196221,-3.6604861000000004
656,Mi Pequeño Hogar,school,40.3541552,-3.8099898999999997
657,Rodari,school,40.419261299999995,-3.5415031999999997
658,Blancanieves,school,40.277767600000004,-3.8006299
659,Ciudad Girasoles,school,40.5057588,-3.5266898999999996
660,Pequesur,school,40.3397782,-3.7463405
661,Centro de Educación Especial Numen,school,40.44446129999999,-3.6325432
662,Enanitos,school,40.308982,-3.9201388999999995
663,Arco Iris,school,40.5490669,-3.6436741
664,Parchis Montessori School,school,40.5205592,-3.9169419999999997
665,Colegio Gaudem,school,40.4732644,-3.5937477999999996
666,,school,40.3100434,-3.7893122000000004
667,Colegio Ábaco,school,40.367854799999996,-3.7653616000000003
668,Pompitas,school,40.3488336,-3.8298191
669,Osobuco 4,school,40.3120186,-3.9335841
670,Plastiletras,school,40.3516398,-3.8217705
671,Gatitos,school,40.294353799999996,-3.8329013
672,Mundo Mágico,school,40.4267044,-3.5272414
673,Chiquilandia,school,40.5511243,-3.6338392999999996
674,"Plis Plas, C.B.",school,40.4455156,-3.8001474
675,Master-D,school,40.4286944,-3.701625
676,Menta Y Chocolate Kids,school,40.5498754,-3.6375877999999995
677,Villa Disney,school,40.3526453,-3.8975101999999997
678,Parque Odón,school,40.3622648,-3.9115934
679,Diventium Iii,school,40.340244299999995,-3.7367011
680,Parque Ana Tutor,school,40.4845027,-3.7167383000000003
681,Acadomia,school,40.48062120000001,-3.6670833
682,Santa María de Las Rozas,school,40.485586299999994,-3.8620406000000003
683,Goethe Institut,school,40.4295617,-3.6913727999999995
684,IberEnglish School of English,school,40.4652857,-3.696557
685,CEPA (1),school,40.352392,-3.7010472
686,CEPA (2),school,40.3524537,-3.7010224999999997
687,CEM,school,40.501075799999995,-3.8750796000000003
688,Grupo de Escuelas de la Defensa,school,40.3871106,-3.7473256
689,,school,40.4728142,-3.6361267999999995
690,,school,40.37879960000001,-3.5360837999999997
691,Centro de Estudios Cervantes,school,40.286657500000004,-3.7933999
692,Booklane,school,40.4155317,-3.6738887000000005
693,inventadero,school,40.435196600000005,-3.71675
694,Academia Vega,school,40.3123621,-3.8563175000000003
695,Escuela de Música Dionisio Aguado,school,40.292596200000006,-3.7918061
696,DAT Madrid Sur,school,40.3275711,-3.7505917999999996
697,Dirección del Área Territorial Sur - Servicio de Inspección,school,40.328863899999995,-3.7440828
698,English Connection,school,40.3618592,-3.7520782999999995
699,Talleres Escolares Parroquiales,school,40.3932744,-3.6960349999999997
700,Escuela municipal de música Manuel Vázquez Montalbán,school,40.4571271,-3.7107193999999994
701,Colegio San Martín,school,40.411342499999996,-3.6488623999999996
702,Kids & Us,school,40.4010532,-3.7085377
703,Valleaguado,school,40.4281985,-3.5399707
704,Academia Enseñalia,school,40.4269999,-3.5293437999999995
705,Centro de estudios Peco,school,40.4283028,-3.5293656
706,EF (Education First),school,40.437607899999996,-3.6787502
707,IE Business School,school,40.437903000000006,-3.682586
708,Coloritos,school,40.5544879,-3.6190834
709,Comisión de Escolarización,school,40.315279700000005,-3.8615559
710,Equipo de Orientación Educativa y Psicopedagógica,school,40.3151675,-3.861903
711,Espacio Miscela / Sindormir.net,school,40.389842,-3.7656093
712,Matiza Formación,school,40.3632424,-3.6027983999999997
713,Más Formados,school,40.3623684,-3.5938483
714,English Connection,school,40.3963491,-3.6226736000000006
715,FamilyHelp,school,40.4025691,-3.6201858000000002
716,Auler Profesores Particulares,school,40.4039055,-3.6765605000000003
717,UFIL Pablo Neruda,school,40.3187866,-3.8502757000000005
718,Academia Liceo Madrid,school,40.395965999999994,-3.7149022000000005
719,Escuela TAI,school,40.4213408,-3.6890012000000003
720,Cambridge Institute,school,40.422601,-3.7118847
721,Escuela de Nuevas Músicas,school,40.403505100000004,-3.6386401
722,Geppetto Ii,school,40.4198744,-3.5683391
723,Speak to me,school,40.4315664,-3.7197213
724,Academia Las Naciones,school,40.285408000000004,-3.8066845000000002
725,Escuela de Baile Dance On,school,40.4271942,-3.5363441
726,Escuela municipal de arte dramático,school,40.4277614,-3.6994509
727,Don Quijote,school,40.426217,-3.7123421999999997
728,Escuela de Relaciones Laborales,school,40.424513,-3.7074822
729,Academia de inglés Kids&Us,school,40.4196989,-3.5715422999999995
730,Adiestramiento canino Frajamo Madrid,school,40.3251064,-3.9162043
731,CIE (Centro de Intercambios Escolares),school,40.5243301,-3.6852793
732,The Green Monkey; Cursos de idiomas en el Extranjero,school,40.438379299999994,-3.7112447
733,Mirasierra,school,40.430754,-3.6398782
734,mirasierra,school,40.4306755,-3.6401034
735,Cayena,school,40.4570461,-3.6713609
736,Colegio Público Príncipes de Asturias,school,40.4571779,-3.8067913
737,Pinkyland. Jardín infantil,school,40.4171124,-3.5718267999999997
738,Enseñarte,school,40.5537447,-3.6527187000000003
739,Academia de música Amadeus,school,40.4252041,-3.5632579
740,I.E.S. Ciudad Escolar,school,40.523973299999994,-3.6841936
741,"CEYSA, Escuela de Instaladores",school,40.390719,-3.7276803999999997
742,Text and Line,school,40.463267200000004,-3.692619
743,Integral Formación,school,40.488944000000004,-3.6908159
744,Artes Escénicas caraB,school,40.44656989999999,-3.7148790000000003
745,Cice,school,40.4334615,-3.6763774
746,Enforex,school,40.429538799999996,-3.7105049
747,,school,40.3396535,-3.8211852999999993
748,,school,40.346701700000004,-3.8394
749,EAE,school,40.443868,-3.6836117999999995
750,Escuela de Educación Infantil Santa Madre Maravillas,school,40.3215335,-3.7397201
751,,school,40.3726216,-3.9189314
752,I.E.S. Antonio López García,school,40.323915,-3.7256216
753,Edukative,school,40.418459399999996,-3.569611
754,Arte 4 Estudio de actores,school,40.426213,-3.6616652999999997
755,Centro cívico Rigoberta Menchú,school,40.3361675,-3.7408501000000003
756,UNED,school,40.4084958,-3.7005
757,Escuela Superior de Hostelería y Turismo,school,40.4152906,-3.7325234
758,Escuela de Danza,school,40.437983200000005,-3.6527745000000005
759,Suma-t,school,40.4356905,-3.654007
760,Escuela de cocina Chema de Isidro,school,40.457575299999995,-3.7054058
761,GNap Idiomas,school,40.4430362,-3.6478756000000003
762,Bradford. School of English,school,40.4204521,-3.5672042
763,Centro de Estudios Madrid Noreste,school,40.4171281,-3.5740072
764,Escuela de Arte y Creatividad Casiopea,school,40.4174602,-3.5734275999999996
765,Helen Doron Academia de Inglés,school,40.433867,-3.8142650999999996
766,Albany School of English,school,40.4340889,-3.8047690999999997
767,Colegio San Javier,school,40.397896,-3.7054017
768,Internacional Aravaca,school,40.452886799999995,-3.7723821
769,Daccapo,school,40.4330116,-3.8066712
770,Colegio San Luis de los Franceses,school,40.436518299999996,-3.8106777000000003
771,Escuela de Matemáticas Thales,school,40.4336254,-3.8079343
772,Escuela de Música EnClave,school,40.486661299999994,-3.7008285000000005
773,Academia Aprobando,school,40.4410023,-3.7900857000000006
774,TODOKINE,school,40.4064092,-3.7419086000000004
775,Academia Ruffini,school,40.4349358,-3.8112167
776,Pimienta y Sal - Escuela de Cocina,school,40.4324066,-3.8081120000000004
777,El Jardín del Tomillar,school,40.432345399999996,-3.8068252
778,Little Bubbles,school,40.3568717,-3.6969847999999996
779,CEIPSO La Luna,school,40.374568200000006,-3.5391172999999996
780,Centro Estudios Éfeso,school,40.5524248,-3.66048
781,Colegio San Antonio de Padua,school,40.4329043,-3.7131800999999998
782,Residencia Calasanz,school,40.4376864,-3.7154307999999996
783,Centro de Estudios Náuticos Elcano,school,40.429471,-3.7041654000000004
784,Ntra Sra del Carmen,school,40.3447153,-3.7067466000000002
785,Kumon GOYA,school,40.4224518,-3.6782474
786,Dundee School of English,school,40.3360583,-3.7412961000000005
787,Colegio Arenales Arroyomolinos,school,40.2835904,-3.9084828999999996
788,British School Villaviciosa,school,40.3575838,-3.8997354
789,I.E.S. El Bercial,school,40.3226286,-3.7413517
790,Escuela Atlántida,school,40.4725106,-3.8692209
791,MD Image,school,40.4038832,-3.8768825
792,ECM,school,40.406633,-3.6506122000000003
793,Acaya,school,40.4428755,-3.67196
794,El Cole de Celia y Pepe,school,40.467441799999996,-3.8076157999999998
795,Formacion Profesional CERTIFICA,school,40.4395138,-3.6259006
0,Facultad de Ciencias,university,40.545420299999996,-3.6951617999999993
1,Facultad de Ciencias Económicas y Empresariales,university,40.5449246,-3.6966059000000002
2,Escuela Superior de Canto de Madrid,university,40.4244706,-3.707302
3,ESERP Madrid Business School,university,40.4587817,-3.6753648
4,Rectorado de la Universidad Politécnica de Madrid,university,40.448386299999996,-3.7186227999999995
5,Laboratorio LatinGeo,university,40.3888933,-3.6296775
6,Residencia I.N.E.F.,university,40.4398598,-3.7362437999999996
7,Universidad Rey Juan Carlos,university,40.3489816,-3.8451063999999997
8,Facultad de Filosofía y Letras,university,40.544224799999995,-3.6985620999999997
9,Instituto de Estudios Bursátiles,university,40.4186726,-3.6906876000000004
10,Universidad Rey Juan Carlos,university,40.42718920000001,-3.7186407
11,Mississippi,university,40.4352006,-3.7005741999999997
12,Colegio Mayor Hispano Mexicano Santiago Galas Arce,university,40.4501865,-3.7139564
13,Academia Kumon,university,40.4399851,-3.6429177000000004
14,Centro de Estudios Hispánicos,university,40.4295548,-3.7133983999999995
15,Universidad Nebrija - Campus de Madrid-Princesa,university,40.429106299999994,-3.7138693
16,Instituto Universitario General Gutiérrez Mellado (UNED),university,40.428739,-3.7143083
17,"Facultad de Enfermería, Fisioterapia y Podología",university,40.4433088,-3.7247236000000004
18,Centro Universitario de la Defensa,university,40.3864236,-3.7496579
19,Centro de Enseñanza Superior Villanueva,university,40.4959921,-3.7019800000000003
0,Hospital Central de la Cruz Roja San José y Santa Adela,Hospital,40.447244,-3.707776
1,"Hospital Central de la Defensa ""Gómez Ulla""",Hospital,40.389379,-3.746374
2,Hospital Clínico San Carlos,Hospital,40.440268,-3.719846
3,Hospital de Guadarrama,Hospital,40.669466,-4.0864
4,Hospital La Fuenfría,Hospital,40.760597,-4.07402
5,Hospital Dr. Rodriguez Lafora,Hospital,40.531686,-3.691919
6,Hospital El Escorial,Hospital,40.607539,-4.119363
7,Hospital Fundación Jiménez Díaz,Hospital,40.439161,-3.718464
8,Hospital General Universitario Gregorio Marañón,Hospital,40.418999,-3.670387
9,Hospital General de Villalba,Hospital,40.65477,-4.000617
10,Hospital Infantil Universitario Niño Jesús,Hospital,40.414772,-3.676724
11,Hospital Universitario 12 de Octubre,Hospital,40.375948,-3.699007
12,Hospital Universitario de Fuenlabrada,Hospital,40.286905,-3.815762
13,Hospital Universitario de Getafe,Hospital,40.312778,-3.742368
14,Hospital Universitario de La Princesa,Hospital,40.434048,-3.675629
15,Hospital Universitario de Móstoles,Hospital,40.315677,-3.877669
16,Hospital Universitario de Torrejón,Hospital,40.464811,-3.435617
17,Hospital Universitario del Henares,Hospital,40.418054,-3.533086
18,Hospital Universitario del Sureste,Hospital,40.418054,-3.533086
19,Hospital Universitario del Tajo,Hospital,40.056704,-3.611117
20,Hospital Universitario Fundación Alcorcón,Hospital,40.34926,-3.835718
21,Hospital Universitario Infanta Cristina,Hospital,40.217594,-3.782574
22,Hospital Universitario Infanta Elena,Hospital,40.19829,-3.696685
23,Hospital Universitario Infanta Leonor,Hospital,40.386333,-3.617836
24,Hospital Universitario Infanta Sofía,Hospital,40.558146,-3.610317
25,Hospital Virgen de la Torre,Hospital,40.381085,-3.619139
26,Hospital Carlos III,Hospital,40.475135,-3.695831
27,Hospital Cantoblanco,Hospital,40.539497,-3.692838
28,Hospital Universitario Príncipe de Asturias,Hospital,40.510515,-3.347975
29,Hospital Universitario Puerta de Hierro Majadahonda,Hospital,40.44996,-3.874038
30,Hospital Universitario Ramón y Cajal,Hospital,40.487632,-3.694557
31,Hospital Universitario Rey Juan Carlos,Hospital,40.33889,-3.870936
32,Hospital Universitario Santa Cristina,Hospital,40.421733,-3.671532
33,Hospital Universitario Severo Ochoa,Hospital,40.320172,-3.769374
34,Hospital Virgen de la Poveda,Hospital,40.247594,-4.276347
35,Instituto Psiquiátrico Servicios de Salud Mental José Germain,Hospital,40.32729,-3.767641
